"","panel","input_day_c","mdy","overwhelmed","drained","sluggish","detached","BO","BO.latent","temperature","empathy.capacity","anxiety.blend","drags.latent","drives.latent","slider.latent","liwc__cognitive_processes","personality__neuroticism","liwc__anxiety_words","personality__melancholy","personality__stress_prone","additional_indicatorsself_focus","liwc_extension__low_empathy","liwc__negative_emotion_words","salleegratitude","personality__extraversion","personality__emotionally_aware","personality__empathetic","liwc__positive_emotion_words","liwc_extension__high_empathy","sallee__joy"
"1",1,2,"08222023",2,2,1,2,7,40.1162928150386,2,59.5408613857933,22.4827906052628,28.2876009654597,59.770660870638,0.839385289771217,48.6017650167167,42.3503735030146,14.4749290444655,32.8272719841847,41.9800522297559,16.3236083765886,68.3009567003588,9.75316074653824,0,55.4352896142515,51.3803061281931,68.3869616956474,57.924944812362,64.2131678199149,27.5703167510006
"2",1,23,"09122023",1,2,2,2,7,59.5893279647497,2,43.0162825610115,22.2266967335875,44.9974102471241,38.0422927233775,0.89414922225406,43.0884832594745,51.6323316329778,0,51.8933775735438,47.7330719403273,10.4665174728869,56.6131796229941,18.7608569774175,5.2040992821932,45.5546542846961,57.2480840865917,51.3629640374568,62.6751592356688,40.5086972665732,0
"3",1,25,"09142023",1,2,2,1,6,65.1411920881391,1,43.8763336325783,40.6424248894403,59.2164811354312,34.0725993888906,0.534876687747789,44.7035428638271,60.5504161304756,14.2857142857143,66.5513986674437,56.70203352227,24.1653418124007,39.0452364151766,38.5026737967915,9.01802105578657,40.5225569538747,62.8118007289233,65.5124314120144,57.1677559912854,28.1206952138105,46.2703678343658
"4",1,34,"09232023",1,2,1,1,5,37.6030460775521,0,32.1988338640558,25.7069707719471,32.9163384833441,55.4654506348542,0.0790807190922251,40.0004943947987,45.7862639215785,12.0757695343331,48.5314857040527,31.8717602851112,29.5057488427655,68.8523969327938,24.4098442993471,15.651110923266,55.5236912953372,47.7893967726348,67.0290839937626,48.3241252302026,29.415553848822,17.2079880375741
"5",1,43,"10022023",1,2,1,1,5,43.7125572096558,1,60.4747938387503,27.723299352348,38.7900645555882,48.9379134938843,0.0790807190922212,26.2977812642243,48.8685968682828,14.1929499072356,50.9801969300443,35.3888695248596,8.002808002808,43.5227803821043,38.2526564344745,5.83125929682491,53.5107919686988,46.1598749616162,65.6701380661788,28.3982683982683,52.1300448430492,0
"6",1,48,"10072023",2,2,1,2,7,51.4589853871425,1,51.878186368344,31.6545349020073,40.1296570642791,48.5405229581694,0.839385289771209,55.3267748905333,51.9665089313728,14.010989010989,58.0443251846738,53.2988610376788,18.4338184338185,59.7373182978418,37.7622377622377,19.8580975167065,52.4743283386364,54.9813475422957,61.4882140099764,35.042735042735,51.1943773715072,0
"7",1,58,"10172023",1,1,1,1,4,26.1975346728834,0,45.7271064319793,5.57829896111898,10.8864587310121,49.9264180389386,-0.323157165918185,30.1854021913676,33.0903180366641,0,27.7492943495234,28.4660926281633,21.7360217360218,59.9732441140758,0,22.8743274417882,51.5188600754459,36.8847551760032,68.9989565333967,69.4179894179894,41.4466035542267,0
"8",1,61,"10202023",1,2,1,1,5,42.8942785648301,1,48.7912366923647,17.0842709996212,31.4450034280704,43.5930135157195,0.0790807190922204,38.0760626398207,47.3886599558748,0,64.4099263647214,38.6926344990042,0,35.5740334429649,24.6825799898425,12.4935599215656,51.4952346750101,46.1226541717269,28.4438991308284,30.5400372439478,41.9370193150784,0
"9",2,2,"08222023",0,0,0,0,0,6.07157412947962,0,97.2179656012985,5.0924164529677,9.26709177992067,59.1429678145764,-1.94149559026316,20.5545563987465,32.3257385826418,0,15.7510103831898,47.5657952592971,24.1653418124007,28.9420602846735,9.62566844919787,6.27858447091555,58.3376949941761,36.6377204727438,67.4809048892219,21.437908496732,91.0856121222777,0
"10",2,58,"10172023",0,0,0,0,0,8.6552966847731,1,46.9027799660885,11.5184678714942,9.23944336627937,54.000705993382,-1.94149559026316,0,31.0213245367846,12.6341866226259,20.3421356646732,22.3474965507067,26.1209186064678,62.9161800183161,8.51287440882816,0,56.8161812906019,5.95790754154565,34.4478302857487,25.2793834296724,53.395629746753,23.0726563930824
"11",2,93,"11212023",0,0,0,0,0,29.7297419240917,1,90.2052444884379,40.9644643700806,43.0938651997776,44.3745672790106,-1.94149559026317,36.6237547276812,52.7226327421277,26.1762189905902,47.4193487855839,72.1961391211027,31.9792846738956,29.7436595884409,35.2749047359826,9.07069641242087,47.1003895829789,68.3408751443299,70.4112432245978,52.375249500998,81.701619183158,3.32433133389428
"12",2,121,"12192023",0,0,0,0,0,35.3255600690602,1,69.091056969224,24.670776656397,41.3288522161119,31.6205293629649,-1.94149559026317,40.5239105910247,50.8097451168769,0,40.9124320348156,74.4595162573932,42.1344421344421,30.0106654523231,28.3216783216783,18.0104755570336,42.4965736063008,33.231064262578,56.2912080042902,42.051282051282,58.0559388294813,0
"13",2,141,"01082024",0,0,0,0,0,24.7195290527699,0,91.920366479628,52.716041174296,40.6145115536149,51.9441949338362,-1.94149559026316,40.3862095277736,51.3853304717828,50.830564784053,41.5801669740299,66.5717015486267,16.7190446260214,27.5910541741992,42.8118393234672,8.84845142909656,51.0111087211336,47.3425290924057,61.6079122920802,57.2093023255814,84.9436854729377,13.5120020029131
"14",3,2,"08222023",1,2,1,1,5,43.008108518261,1,71.1941887063132,49.483726816467,42.724185620611,54.0634464541795,0.0790807190922283,26.0978464736855,51.8679630580375,39.7402597402596,52.8231572616058,50.3225207288592,44.8157248157249,42.3517304215233,35.7024793388429,2.92801724452532,49.8161625628546,44.7931356698636,47.5285691429954,66.2626262626263,69.9701046337815,59.0201067952871
"15",3,9,"08292023",1,2,0,1,4,46.2707444908052,1,58.2969068880363,39.5708283407336,46.8087705548966,43.2807423091429,-0.376715249563353,39.043624161074,53.7889227984663,23.7577639751553,56.8673802302202,44.5277159683717,22.3266745005876,46.0048971463794,40.0197628458497,0,48.4283681042354,35.1727759631262,49.6340404216899,47.536231884058,54.7743224800152,17.6194063844318
"16",3,16,"09052023",1,1,0,0,2,17.055249082248,0,68.3389621840744,28.3942571130633,34.8198910553292,76.0689586922942,-1.13822566908002,20.67461528032,46.7952248560606,12.4188311688312,42.3259912416601,49.1600737580241,44.3488943488943,30.3484683255677,33.4710743801653,11.7977573983487,61.4633779641439,37.5761251558182,64.5720219455292,68.3333333333334,55.1709641255603,76.3237877863553
"17",3,30,"09192023",2,2,1,1,6,51.0610451163524,1,73.063541097322,64.5940143296672,53.502332145689,55.5494497047394,0.480112755264944,49.4056291707298,57.8407343740715,56.043956043956,51.353515799837,62.8159038934918,42.1344421344421,54.7828761569219,47.2027972027972,18.713776822821,51.6886427676873,38.1881166692367,50.5593139604074,56.068376068376,78.6406232034031,43.6445954265874
"18",3,54,"10132023",1,2,1,2,6,63.4189095051858,1,88.8444662014189,39.2866948195811,68.4633431355428,44.5159303808479,0.438353253598485,26.8896934730563,65.0552141196796,0,79.3232200668684,54.4511553188472,51.3513513513515,24.3391330015333,38.755980861244,6.83195435902528,46.4783846872552,53.6718510117503,80.9395292839885,28.7719298245614,74.216721737078,43.8174072870534
"19",3,59,"10182023",1,2,1,1,5,43.3449841111873,1,85.8264154822786,24.5301863230543,37.6606244045775,48.5947209817755,0.079080719092226,20.0303643272739,49.9118066614455,0,64.3788683910095,44.8265342550315,49.1988994983008,34.3717612290608,26.4561785519869,26.5854530097781,47.2018917147431,30.6044279408037,83.5932419008306,65.4690618762475,75.2920168631347,30.0897180554297
"20",3,65,"10242023",1,2,1,1,5,64.9912420322529,1,44.4937403239557,64.3447771577884,60.357736570984,27.2560738784633,0.079080719092212,21.8255556863823,59.7279243333777,51.127819548872,51.5495578366371,42.4291322356126,50.4504504504504,48.3507933774824,77.5119617224881,0,42.5922350464916,18.4917412700759,35.660032652723,31.9688109161793,41.7446830828939,0
"21",4,9,"08292023",1,1,1,1,4,44.5669029363447,1,77.739551288961,83.5044910818108,45.6232825763524,46.4933818565434,-0.323157165918189,29.4807921933544,54.41126896776,93.8650306748466,49.0659277487733,50.4384424113487,40.3249875642515,12.5941295827095,63.2459564974903,18.7610494056793,48.9271779991174,37.6683268008492,62.1678303615483,40.2453987730061,57.9507001568132,31.2534609754365
"22",6,2,"08222023",1,1,1,1,4,34.9071519072565,0,37.7811692394881,20.4023152166426,19.8575907357688,41.1876059480815,-0.323157165918192,16.6130418881242,36.6937288021227,13.9217470427661,18.9588278414113,42.6505032288715,52.3325873644346,41.8445240691696,9.38042848870874,11.5326014392993,50.0182416194219,27.3471609358338,58.9404642777123,34.8195329087048,23.4640541544087,3.52216509284768
"23",6,2,"08222023",1,1,1,1,4,57.3906992570205,0,30.9371459291102,32.1893667120538,47.7679911901157,23.1346969007703,-0.323157165918203,17.2647992605394,52.9602228152752,13.0881094952951,60.5973842561414,40.3682715949298,19.6795597993203,64.4544218930889,17.6374523679913,7.66581871310109,40.3620591111537,16.8821230118952,34.1803788036417,26.187624750499,33.6296017829808,7.02363969348019
"24",6,16,"09052023",1,1,1,1,4,56.0434157221867,1,56.1709949987908,46.5360763376874,55.8945822062614,33.5087481038344,-0.323157165918202,18.1470654167982,56.7067086421577,26.8185801928132,53.6458561097345,53.8186560812728,45.3656110097827,41.0441777048008,27.1054099274958,33.8626921994737,44.9645698130075,30.6629618217641,41.0962649788917,26.8302658486707,51.3838069823103,0
"25",6,48,"10072023",1,0,1,0,2,36.6802408846359,0,40.6069477522437,24.7646001222237,29.0846910826729,32.7338538870412,-1.08466758543488,28.9872266724396,44.4386959652403,14.1013824884792,41.8818653743935,53.5701137511631,21.2031386224935,60.4085652975791,19.0029325513196,19.5382892023962,42.9437940354848,37.0818799129587,71.5953346808767,42.3225806451613,34.3946188340803,10.7409195589337
"26",6,64,"10232023",0,0,0,0,0,13.7831116289122,1,48.120094616011,14.745604815594,29.4906922863425,63.0509551352623,-1.94149559026316,31.0051067123531,42.186570335914,0,28.7880855177883,54.4230373960442,26.0006842285324,55.9744508490417,0,30.3640295548748,58.7678687324748,35.894334384924,64.2093498632196,69.1983122362869,43.50769143441,3.97434025392947
"27",6,134,"01012024",0,0,0,0,0,0,0,74.5214344210092,15.8074424019511,35.1482124947031,95.7078869197327,-1.94149559026315,23.781360624684,44.300499256508,0,33.8902703058073,40.1952444487029,16.5268716992855,48.9742198537746,8.46394984326018,100,72.8687707500608,44.5470269532246,49.2861909218382,81.6858237547893,77.5758981495797,20.6890250858896
"28",7,40,"09292023",1,1,1,2,5,58.0975471869372,1,40.7488718394256,30.8550749549005,49.6891759476427,30.0169690754207,0.0361153685880673,61.7636333020614,56.0954895723805,0,53.3335715195677,64.0731874965069,53.0078465562338,47.942549588168,47.5073313782991,20.2301288721684,43.8330359130721,57.1809171880987,71.8115031728838,14.1075268817204,27.4887892376682,0
"29",7,51,"10102023",2,3,2,2,9,71.4449683691079,2,51.8955725195321,63.492248874069,51.0769829320632,34.7756193865251,1.69741914343719,31.9669000024053,58.1327227921829,56.405529953917,62.0802987271057,61.5428518938815,26.5039232781169,50.4357527300503,57.0087976539589,0,46.4753113966613,56.3419851016875,66.2757662655141,14.1075268817204,44.7533632286994,0
"30",7,65,"10242023",3,2,1,1,7,60.8919820480992,2,42.2742742018178,51.2282368296102,65.2598369971073,54.4435310075495,0.881144791437655,45.5431599429111,62.2122092044755,28.9498580889308,55.5580676741886,57.3294712554367,27.206013960981,55.5047154092415,48.7658037326911,8.38500661882532,53.1556767825044,39.0366602494575,49.4647779274541,36.2030905077262,39.4024886407505,61.4606397799892
"31",7,75,"11032023",1,2,1,1,5,49.6244158664641,1,50.9198305830304,39.9673922550092,57.6423991280216,55.1091101654198,0.0790807190922189,23.298759406142,58.2185094751238,14.1929499072356,55.6119334323653,63.4598721125586,40.0140400140402,35.9946020640831,28.6894923258559,8.19149796020811,54.7343919100562,41.9062372101449,54.8811496612952,28.3982683982683,38.2286995515694,49.2534122857737
"32",10,9,"08292023",2,1,1,2,6,74.1939002997025,1,22.6860153237206,55.232773087779,58.2223136689631,13.4472606300497,0.43714740476078,39.4259497952995,57.7475861079523,43.4247871333963,46.3388462035573,52.5645885874826,24.4854125648829,63.1824601839118,39.0126429861528,11.0856688033481,35.4236569982837,6.20867064955675,50.2527761793284,28.962472406181,18.1361922014671,0
"33",10,65,"10242023",2,2,2,2,8,64.381536100178,2,67.1538362173724,51.2832161311647,65.2285159399687,54.9489391199002,1.29518125842678,35.2948468384707,61.5385513832295,28.385899814471,53.5788444116943,60.134102299456,37.3464373464375,33.4852092914097,38.2526564344745,7.2159211016861,50.13660590441,35.7690025255924,36.3768277381138,70.995670995671,62.5560538116588,67.5552607704444
"34",10,70,"10292023",2,2,1,1,6,64.7886799936527,2,73.0361105707668,31.3564112665451,58.8449587062086,33.4335921605348,0.480112755264929,41.1054516885052,59.1350266907278,0,60.9210454838277,70.2754402722451,29.3436293436294,40.2292023679702,6.57467532467532,9.20148069804336,45.4096548057138,34.7409104667239,52.3363703184126,9.76190476190476,69.9411434977579,0.772810187634516
"35",10,85,"11132023",2,2,2,2,8,48.5719290577218,0,86.20130538136,22.0303735616955,42.9414769617381,65.119265825623,1.29518125842679,60.1647841981777,50.9424108913391,0,46.2260739441514,65.8675536225054,15.0296638101517,42.8801310134925,0,16.730309811971,60.5453536831234,30.3606608974432,58.9080169991778,33.3333333333333,86.8410259214696,11.3546537367531
"36",10,117,"12152023",3,3,2,2,10,89.4017869045074,3,65.3964272193651,60.5625807756195,71.8643403283817,26.142430302133,2.0984511796099,56.8070613204841,66.7294445451251,31.5247252747252,67.4014173327147,76.0188883171842,61.2266112266112,28.1527496494783,21.2412587412587,0,40.8453950263727,23.6950491299583,70.4664033078675,26.2820512820513,48.6212918247671,2.89128094798214
"37",10,120,"12182023",2,2,1,2,7,67.2426273780649,2,56.9295354896305,52.0003454886463,54.0552079853031,30.4925739182561,0.839385289771202,51.9482388033514,55.3505647658774,38.5714285714285,38.4656758808995,55.5268875669504,43.4976152623211,42.0761892543275,34.6524064171122,5.42593719708753,42.3182402441501,33.7934158805694,71.4086415975948,32.156862745098,45.2611448166707,9.69422407850507
"38",11,9,"08292023",1,0,2,1,4,60.8608555181512,1,49.0601313462115,90.6635152170562,60.72820040907,29.5163631349099,-0.26959908227304,45.0916515748732,63.7796240922882,93.673469387755,62.8419582171037,60.9780473401945,23.4749034749035,62.4268726029126,84.1558441558441,0,41.7931068617727,43.8902905142411,55.7712772877014,36.4444444444444,50.5082212257099,6.09413282453635
"39",11,24,"09132023",0,1,1,2,4,55.0832082562967,1,77.6507205448487,77.5330807603899,51.2619656140692,30.266162274876,-0.364916667584643,52.7891410106173,58.843782417281,78.0612244897959,48.9403184765865,78.1125620751532,31.7889317889319,29.3028880036202,70.1298701298701,0,40.4008074180308,59.5235968962589,57.8965179906484,26.031746031746,68.3482810164422,26.7334536496049
"40",12,2,"08222023",1,1,1,1,4,28.749303776453,0,71.7622020434067,29.0871265910085,24.6649596750039,57.9395293125052,-0.323157165918182,29.1870828104251,40.7914896542373,26.6550522648083,25.0679026137695,38.4486693586167,25.0494396835861,24.0290828675538,44.9002217294899,6.26423245585499,52.4932198791747,30.7830352309609,71.8132114665861,100,54.2067702067154,22.9578670577934
"41",12,88,"11162023",1,1,1,1,4,30.5379091171387,1,92.2031335572586,88.0360413543445,47.6560821759555,76.1999345455091,-0.323157165918179,32.6290496312868,56.2110491212662,100,42.70546961702,73.952965983788,32.2204557498676,33.9936483499252,67.3796791443851,1.79050296991405,61.130346752373,61.1264834393611,53.0840128061973,85.7516339869281,91.0856121222777,42.0790663550768
"42",13,93,"11212023",3,3,3,3,12,100,3,48.89425823911,63.1556548639794,68.2684852852576,16.4027269860571,2.91351968277174,68.6272589327784,65.0827545012346,43.4968017057569,58.2168128780362,58.2471377624354,32.7013580744925,69.1285742963015,65.9430122116689,4.34986897984998,36.0465530508251,30.1527293404157,36.2413783587223,16.318407960199,59.0288467974029,2.65698190645518
"43",14,2,"08222023",2,2,2,1,7,80.4812427840459,1,39.6812700872232,100,73.9752605488658,24.9041040249073,0.9359087239205,64.5027118910982,71.3657833890996,95.0310559006211,76.3142421333055,66.7694933671122,35.7226792009402,42.1044279453756,82.326369282891,7.21357903057228,42.4145912056217,33.9998881780683,34.255599983949,13.5817805383023,32.3357379606161,0
"44",14,33,"09222023",2,2,2,2,8,85.1436404753378,2,48.8297664862798,57.254773999959,76.273897912191,24.3119011021539,1.29518125842677,39.7743984745937,68.5796203775521,27.6672694394212,68.4082301835754,62.5716464669509,33.8008894970921,55.9744508490417,55.9263521288838,1.78150608687414,39.5161553727801,66.7771803901252,54.4826187586794,13.8396624472573,46.8950445592323,12.7969670951598
"45",14,37,"09262023",2,2,1,1,6,62.8039015674309,1,73.9292151925298,43.4281120174766,67.978050358848,46.024395438766,0.480112755264932,40.4517014968805,63.6827043599686,13.3275261324042,57.6341162174989,77.3749368169108,27.5543836519447,24.0290828675538,26.9401330376939,0,49.7491759817508,46.1200046319896,44.2930146496634,26.6666666666667,63.9970469211416,35.3002547242883
"46",14,46,"10052023",2,2,1,1,6,67.4139792150085,1,59.4082762322021,46.752643675193,54.3464154519319,23.9693418635125,0.48011275526493,60.0367771676496,58.7585534930913,24.8376623376622,60.2334390638058,66.451855562107,39.6805896805898,30.3484683255677,33.4710743801653,3.90630626244429,39.7091693553578,28.3735747825766,42.8954106351619,31.0606060606061,49.0891255605381,3.57906816566173
"47",14,75,"11032023",2,2,1,1,6,36.5016711939653,0,75.8519026656781,16.7802504841069,24.5432741009795,56.9172374533959,0.480112755264946,36.1081409016798,42.1341051696145,0,40.2475925140136,50.9031790508764,46.4193006565886,25.5600648850561,16.6409861325114,26.6041714869304,55.5619497687324,40.8505486196894,46.3340060236483,49.4161958568738,66.8364115426514,9.75019743414552
"48",14,102,"11302023",2,1,1,1,5,60.3199197423567,0,46.8894093569399,36.5421697910887,64.057166194313,39.9921995713876,0.0778748702545143,26.0075533424744,59.7571106409989,8.81336405529952,60.6232577941528,51.3733092423885,23.1909328683523,47.6308991954328,5.93841642228738,17.1066075315339,48.0871242899248,50.6856609977746,37.8467257503916,35.2688172043011,43.8901345291476,7.17340707307309
"49",15,2,"08222023",1,1,1,0,3,43.9146269855344,0,60.3234432289458,40.0371683822169,54.0325449409391,49.2992127197754,-0.682429700424463,9.58894519776592,57.3744762359117,14.868804664723,56.7016162884714,56.8495113855873,44.7141018569588,31.9317756702305,60.1113172541744,0,48.9350045812819,50.3684113371109,68.4680227834476,44.625850340136,44.6828955797562,60.3418503193543
"50",16,16,"09052023",1,2,1,1,5,68.4751383865577,1,47.825084700831,44.1192943514202,49.4519691898997,10.0158650873836,0.0790807190922123,72.3813424919391,58.588342826908,20.523138832998,71.0068776204832,61.7288950092342,40.5024743052913,40.966262862526,48.3994878361076,8.72450218626042,29.9087496308803,45.3342291260891,55.2038011491026,56.4632237871675,36.9397250468432,0
"51",16,23,"09122023",1,2,1,1,5,31.3128336896651,1,35.7128311792361,12.1462006227943,17.7734542654164,53.5610336346355,0.0790807190922285,51.913630383258,39.461062833797,0,39.5310600723363,45.8209531651643,26.1662936822173,39.3830814768657,18.7608569774175,0,54.8999530528147,34.1409477558037,29.4508677678492,41.7834394904458,26.8729827768416,42.2183674141887
"52",16,93,"11212023",1,2,1,1,5,41.7187723537499,1,55.0415025286235,19.9257682634612,21.5741445762153,36.5602971550825,0.0790807190922242,31.7499644708877,39.8978780536648,9.36066075252369,35.0663754578592,40.2037770553523,43.9840268534057,50.8575151459146,22.0751411329569,5.83243594960777,45.2056617265198,41.9864197897158,66.3309765162093,30.4354032833689,49.0565675382412,17.7957817356248
"53",17,2,"08222023",1,1,1,1,4,11.3087171297274,0,41.27406501148,8.22707385958216e-05,0,69.0844320131528,-0.323157165918177,17.3007156899775,26.4700353289353,0,10.7294554311022,28.8323371961623,29.3436293436294,46.0321731547778,0,0,60.8011718332563,35.8598055110951,69.0083870580593,56.7965367965368,27.8026905829597,57.8232689217882
"54",17,3,"08232023",1,1,1,1,4,63.5669935428813,1,56.4364650269792,56.2517688110277,55.2395652863511,17.9901301515506,-0.323157165918204,65.0395314660004,60.201125764602,38.3458646616541,68.7834297487669,61.672486683847,40.840840840841,39.3111094712424,34.4497607655501,0,36.8318099438722,28.2288718988949,76.5996571655578,12.7875243664717,41.7446830828939,6.38033099061323
"55",17,5,"08252023",1,1,1,1,4,29.2911293749117,2,72.902155048766,24.5929626773556,24.9089860029907,57.0980628406013,-0.323157165918183,38.6850454606511,42.7680035476197,13.5758651286602,46.3579281585885,36.5414045981835,38.2742991438645,37.3038504672173,27.442123094297,2.94089572389547,52.3638578330098,38.6994256154721,75.4500900908569,74.6997929606625,62.2538506531488,35.0289127984049
"56",17,9,"08292023",1,1,1,1,4,61.1652229953342,1,41.8888794883494,45.210009709997,69.1801625748976,35.9654855772205,-0.323157165918205,61.1711334180049,66.1494482061893,12.5977768629065,71.4822450134781,66.5609248748561,26.0456421839708,65.9482183880438,42.4417081477599,3.92295876166841,46.2548644613462,50.7039687779632,52.8906571354501,28.35734870317,43.9274498908,5.39148848392099
"57",17,18,"09072023",1,1,0,0,2,34.5918971030141,0,77.9517228345456,33.6605720385847,47.7534405079116,53.6091770593121,-1.13822566908003,84.7115652164236,53.8205649707709,10.8742004264392,47.1325752733236,65.0826373603153,38.8328627134599,34.5214262074887,7.32700135685211,10.3702298543838,52.2889861514344,49.7691951224819,86.7924363109969,59.8341625207296,64.3542377797111,8.86333730506047
"58",17,25,"09142023",0,0,0,0,0,26.9244684422818,0,43.9508886335364,12.216620566533,15.1307509395989,23.4124295611182,-1.94149559026317,35.6476729394218,37.6440672191418,0,42.0842261585045,44.4036564888894,43.9369851134559,36.2898247432214,0,0,39.7163383134759,17.368272301032,49.7332169432046,35.0802139037433,30.6647322606173,8.82880026123397
"59",17,30,"09192023",1,1,1,1,4,69.4848171932986,1,44.4326408457373,59.3081399729246,77.6082786024052,27.4840288157217,-0.323157165918206,67.9092095451158,69.8516950776961,24.8376623376622,66.0096535832891,78.7212143330421,58.3538083538084,65.4799671429989,41.8388429752066,3.84423875218306,38.6977343951838,38.6641020284344,68.4804505045856,43.4848484848484,43.0072869955153,28.177601272937
"60",17,44,"10032023",1,1,1,1,4,49.8725206265331,0,27.9100127614311,25.985975173708,38.0274644601785,28.7847328036782,-0.323157165918197,52.3662020306313,51.8296739484462,0,71.3520794582779,51.8377236410266,45.4261954261956,70.8848131149114,21.2412587412587,7.35642796706956,40.4687614013433,31.4028011496227,75.35150541014,47.3076923076923,22.8904363573646,20.6461962189022
"61",17,49,"10082023",1,1,1,2,5,56.6673024417422,1,36.0497660083353,49.3360080213424,42.1312983160742,25.6820168329493,0.0361153685880739,100,53.5152693012331,36.632083000798,47.943263846844,68.1705638682555,45.9006492526043,55.0043037386389,32.9101066531234,12.1305984469919,37.4794211444598,32.4278877041781,77.2662222717246,54.9720670391061,23.9972943858507,27.3585157727533
"62",17,51,"10102023",1,1,1,1,4,44.1316899806872,1,31.7598186855146,22.5228147111835,38.9190730759466,40.9976784675452,-0.323157165918194,61.5489958164286,48.2397825569415,0,35.6679837362346,68.3088829027724,45.2588181401739,81.7803871451545,0,5.30907085745793,45.5415222930508,51.5668760481187,59.2668869643344,69.4915254237288,38.1108915406244,19.4572828841948
"63",17,62,"10212023",2,2,2,2,8,74.1108691957142,1,62.5485498053009,36.2501166400274,51.2169779468163,22.3969647428353,1.29518125842678,74.2288939191365,54.7249372596004,12.9332206255283,39.8584554602086,59.3073553636272,43.7549976011512,54.0206542890882,34.8574502420656,12.7890210246264,32.7500915027834,42.6086571271409,75.2247007717396,97.0414201183432,58.3198450394035,2.43357474584673
"64",17,67,"10262023",1,0,0,0,1,52.7010831092123,1,35.9283697007037,40.2497060208043,56.3052259578695,18.6279243673884,-1.54046355409046,54.8407106896538,59.3802220030867,10.8742004264392,57.6805945298305,72.2602370787776,51.0958719913944,63.3607162814995,36.6350067842604,13.5367423026919,36.7844489249272,23.8176687925005,41.1073657563101,38.0762852404643,37.7272828681699,0
"65",17,78,"11062023",0,0,0,0,0,25.6903220620416,1,41.8682847226102,58.3134387507873,41.0494953071898,50.4344089096627,-1.94149559026316,79.6945668912626,53.2668349179576,51.7328825021132,51.8127069490324,55.3797683698327,48.6166640012795,65.4539823065954,52.2861753630984,3.94538421190661,51.2927818423395,23.9872524728282,44.8853577606019,58.2248520710059,45.6523469631434,36.1487248705983
"66",17,102,"11302023",0,0,0,0,0,8.40166471062351,0,96.0083272890229,8.8003271214834,12.4177683076089,57.5168675619074,-1.94149559026316,23.983318743313,35.196489289263,0,27.2599963363273,50.7365448375799,33.4900117508814,22.9021180327423,8.00395256916997,3.45834109720972,55.6958217249458,42.2391112864055,76.3404388406734,47.536231884058,83.8613764866444,0
"67",18,9,"08292023",1,1,1,2,5,69.8084665909897,1,59.9636483582974,68.5666798624665,77.0272891386851,32.7523115685079,0.0361153685880637,42.4845548691051,70.1909682624994,43.4247871333963,77.5408718440846,65.0411458053756,38.0884195453733,32.4714810852301,48.7658037326911,5.45963867036135,43.6082000119528,54.1697023231226,74.6737797522257,36.2030905077262,42.9468713806314,0
"68",18,24,"09132023",1,1,1,2,5,48.7648615330877,1,63.6460096954446,24.3109560242802,28.4538075535953,28.3595864776993,0.0361153685880747,37.9262466623367,43.9661189444215,14.1013824884792,40.0118626120351,39.9745227535522,21.2031386224935,30.4901275949928,38.0058651026393,0,41.9305152549633,23.4863452923603,41.1285758311027,28.2150537634408,55.1121076233181,10.9728571535224
"69",18,30,"09192023",2,2,2,2,8,80.8365996327735,2,30.1209233653719,38.9130825749076,61.6274977510251,18.9514012570345,1.29518125842677,44.2919124127178,59.1065587233327,14.1929499072356,51.0482656838388,54.846172789218,21.3408213408214,46.0321731547778,28.6894923258559,6.44857659794495,39.6309953354813,14.714560111084,25.694326247329,14.1991341991341,24.3273542600897,3.93891205056959
"70",18,38,"09272023",2,2,2,2,8,80.9779032491804,1,29.4190344016341,26.1662791043562,50.6832185671678,8.29335890561492,1.29518125842677,36.3673447214939,54.8238825350949,0,58.2735355721186,46.6038771628173,19.0442097726867,40.1492258599004,29.2594822396146,0,34.4649300166528,21.3186392809555,33.4259173805441,0,18.1361922014671,4.16392686832529
"71",18,44,"10032023",2,2,2,2,8,76.8264199512162,1,37.6235854006547,19.6224099900778,33.2688201513035,0,1.29518125842677,33.3087396476879,47.1386931401187,0,51.5611020494456,41.8960682776232,27.206013960981,24.7937363105598,39.0126429861528,10.6102357754821,29.607110246245,14.9835913168029,41.2037776285405,0,18.1361922014671,0
"72",18,51,"10102023",2,2,2,2,8,83.5669165357035,2,38.5287650281869,37.4060005851066,66.7058107430444,18.3607506678868,1.29518125842677,67.5243350733283,64.1885271619861,0,61.2179044176311,62.5329886713735,41.0810810810812,51.0175001298228,58.909090909091,2.06937878229052,37.5844388368608,33.7069240827208,46.8839725437788,14.5777777777778,32.6681614349776,11.3761398489386
"73",18,58,"10172023",3,3,3,3,12,85.5742482580461,2,41.4243237759515,23.743612476685,39.5296493358064,17.714761027056,2.91351968277175,32.9477862538846,50.5259358522558,0,54.7042959184396,41.5128216478034,35.7226792009402,49.3052941626131,54.884246188594,1.86669458565507,34.0525238977889,34.4789486044808,46.0815777232341,40.7453416149068,35.6599727042308,30.7857297707916
"74",18,65,"10242023",2,2,2,2,8,63.9512520058128,1,31.1858515902284,36.558968620125,52.9456426284328,44.1533380897929,1.29518125842678,22.4964733039799,56.586462195023,13.9217470427661,50.7298146822511,50.3829654830798,23.5496643139956,46.7674092537779,75.0434279096699,12.6011622177035,50.316247116137,49.7863454100823,36.1776817021936,34.8195329087048,23.4640541544087,26.3898076677106
"75",18,74,"11022023",2,2,2,2,8,28.6501194961135,1,65.6247537654873,14.8735746208374,29.1812800063954,91.5180253747107,1.2951812584268,31.6960206087724,42.1723706516546,0,22.7170411393724,57.6385043740698,27.3873873873875,18.9307312099023,17.8512396694215,2.85630111916854,72.2876318356008,44.0980681867428,56.4644745458285,53.010101010101,47.2645739910313,73.3069206393432
"76",18,86,"11142023",2,2,2,2,8,75.5832463547964,1,20.1789019594844,36.6855696890559,50.3800709086481,18.6878799543363,1.29518125842677,28.6816191514177,55.2466203336458,14.010989010989,70.2141279804017,36.9067039929469,36.867636867637,42.3967708046225,18.8811188811189,0,38.3662347053985,17.8021249316721,23.1686218132273,21.025641025641,10.0250086236633,25.5213239624529
"77",18,113,"12112023",3,2,2,2,9,69.9764971927148,1,0,21.0936637968409,35.6306005948728,23.014162131475,1.69621329459949,47.2909342707998,48.4439614996789,0,60.1614117853594,43.2675781834563,29.3436293436294,76.1448864268617,9.56316410861865,9.87014762165118,39.6945199425862,28.3540974890524,34.622283801314,28.3982683982683,0,31.4549847658087
"78",18,122,"12202023",2,2,2,2,8,81.7679293603483,1,60.7414396293008,40.2565658451671,64.0295224041241,19.3850631769069,1.29518125842677,25.7210462915162,60.6474194779799,14.010989010989,57.0096374989797,53.5135085345398,21.0672210672211,42.3967708046225,37.7622377622377,0,36.4958407262623,42.7680243930576,54.6910298149935,28.034188034188,54.6251581004945,3.74720519069463
"79",19,71,"10302023",2,2,1,2,7,43.6708888539017,0,45.9084758004875,7.37233155062076,13.9808629228334,39.1653851632596,0.839385289771213,17.4813796573319,35.4286224624352,0,38.7410753013627,23.7932093510536,17.3233474438294,83.7335320406099,8.87185104052573,0,47.1244319817474,55.6887994184922,63.3376045988734,32.9317269076305,56.5265546490897,3.28026238825764
"80",20,33,"09222023",2,1,0,2,5,38.7584038724333,1,53.4149983262711,27.3774688647668,38.4850708312506,56.7011690245345,-0.0186485638947751,16.839327711811,45.5500441476783,14.010989010989,33.299897756876,38.745388967771,36.867636867637,47.3512129455424,9.44055944055945,4.0908936401645,53.7993962857301,35.2925599974925,68.8384008995482,77.0940170940171,44.3328159135331,22.4891540185472
"81",20,37,"09262023",2,1,0,1,4,16.471032296439,1,94.0966943200513,23.8171905148334,31.7253975183132,87.9623672530322,-0.377921098401029,26.5918030150167,44.1654593893716,14.2857142857143,37.68836297848,47.0362168002476,13.4251898957782,39.0452364151766,9.62566844919787,0,64.0584147496873,77.1345109463816,87.7942962752332,71.4596949891068,87.5875611829185,100
"82",20,44,"10032023",2,1,0,1,4,0.143492488771043,2,67.7421802908324,3.54494559977925,10.326012055724,100,-0.377921098401025,18.2604026845638,32.1189365940637,0,15.5367641021622,44.314155786465,10.954954954955,53.5938100431012,0,3.75307001850349,75.4126134295872,37.0867782038855,61.2881355611647,72.8888888888889,68.3482810164422,66.5869389865834
"83",20,65,"10242023",2,1,1,2,6,61.1904202070688,1,15.3160267004782,28.1720083467056,37.3933873720084,19.4438595773607,0.437147404760786,47.6860149946192,47.4668179047908,13.0881094952951,33.7191029433328,55.7245714339708,31.9792846738956,69.0825235337083,26.4561785519869,1.99920596555751,38.2506562370609,30.4488893717248,40.4307238229421,26.187624750499,14.4007948229103,14.6538319265332
"84",20,76,"11042023",2,2,1,2,7,21.7949478380864,1,65.705617934584,6.26721693089683,13.7650503285771,82.2774065015426,0.839385289771226,14.7357627850387,33.5326578423123,0,21.4998947049027,34.7512401031565,24.3243243243244,57.3904772837219,0,6.1615808665891,66.9572764993821,21.9921862307248,77.8333104677959,50.3508771929824,63.6535284399339,62.0995592587162
"85",20,101,"11292023",2,1,1,1,5,40.811396770913,1,43.4011476472719,24.6013635660368,34.1825081820442,50.2915792445662,0.0778748702545247,18.0157142786593,43.9785584058966,14.4749290444655,35.164933549698,36.3354160867783,21.7648111687847,68.3009567003588,9.75316074653824,0,54.6344582703712,45.0429060863712,55.7482739821002,28.962472406181,46.4912541205118,4.24821990596784
"86",20,115,"12132023",2,1,1,2,6,49.0647165163828,1,45.8627825771899,30.4872890456881,42.301150547026,48.1079687487828,0.437147404760792,25.1589122041931,47.2891671039612,13.8336347197107,30.2615267449699,45.9039843643141,52.0013684570646,29.0699485901232,9.3210586881473,31.8450109333708,51.9697165200399,32.8704565710545,72.9379122560921,55.3586497890295,23.1835726854743,0
"87",20,146,"01132024",2,1,1,1,5,54.0723687325885,1,48.1511611713003,27.8099974552768,42.8038162276321,32.2088731694256,0.0778748702545179,8.48006316620612,50.1197942119895,12.8571428571429,49.9709634579124,45.219447898748,4.83306836248013,51.1690477717803,25.9893048128342,5.73309091486507,45.8406104764387,7.3091361820466,9.52786382197959,25.7254901960784,54.7058823529411,3.50187991854972
"88",21,2,"08222023",1,1,1,1,4,63.1206728675983,1,58.8049209242675,43.8515145462715,71.3253310975352,34.1277098614308,-0.323157165918206,61.2479206103369,65.7930430341455,14.010989010989,65.2721102837751,61.9878125238182,7.90020790020792,27.5334443818629,37.7622377622377,0,45.6259524253868,45.6377280919225,52.2996151998106,21.025641025641,44.3328159135331,9.0504986646599
"89",21,16,"09052023",1,1,1,1,4,46.1638251394001,0,17.3670617085194,18.2369913546086,34.4296207770053,32.7165763982346,-0.323157165918198,30.5763857817547,46.2588260419097,0,50.0506461872575,41.1407197354077,21.90990990991,81.9332190891623,9.81818181818182,11.7320985466147,45.2936537862795,48.2527398953912,35.6219115366069,36.4444444444444,25.5321375186846,0
"90",21,65,"10242023",1,1,2,1,5,48.8411520722686,1,13.7765454906143,26.6312389227152,39.5181658214356,40.4362270945793,0.132638802737376,57.4684658955685,49.2352458777839,11.6261398176292,42.1587904844821,57.3234259316983,8.7406555491662,83.1391513889948,15.6673114119922,0,49.8569083783006,44.8713937589838,45.6894078386273,17.4468085106383,19.003434786757,23.5247843811893
"91",21,107,"12052023",1,1,1,1,4,51.5410449380211,1,34.3850310106223,44.7105744320771,55.2590309904595,41.8212366702913,-0.323157165918198,66.3899682091134,56.9965118675952,28.7593984962406,43.7888273035042,64.5325816140756,13.5135135135135,62.4752994809817,29.066985645933,0,48.3969796075054,49.8230015068328,40.0878999670605,50.3508771929824,35.4850129808823,14.344688704794
"92",22,16,"09052023",1,2,1,1,5,44.0318515946063,1,51.4672632480078,18.4141311155532,31.445249389726,41.3407320870306,0.0790807190922196,46.8836596974802,44.9974843268814,0,40.9733525361695,57.8399295578706,35.5021688355023,36.8000861639538,0,11.7362632004518,50.3284947064659,31.1960063685501,44.9245129649906,26.9958847736625,41.9185628079495,0
"93",22,23,"09122023",1,2,1,1,5,46.2270832969992,0,52.2110617359273,50.1569581799484,38.3040550417594,43.4980131005217,0.0790807190922223,33.3087396476879,50.1447026811593,43.4247871333963,46.5585071796206,63.2921680166956,46.2502237336674,60.6232119256885,29.2594822396146,38.0354579732156,49.4290708401424,23.9222259692006,41.7818266453523,43.4437086092715,57.1244023401536,0
"94",22,30,"09192023",0,1,1,0,2,40.666834115216,1,34.9648339318458,44.0563913809959,45.8714990510525,40.7802631439353,-1.08346173659718,32.2958249803887,52.0237529812277,28.385899814471,44.5939647147496,59.3746592483027,56.0196560196561,43.5227803821043,19.1263282172372,18.0151186288451,48.7959812529943,23.3850006534865,44.8735683280582,56.7965367965368,24.3273542600897,0
"95",22,37,"09262023",1,1,1,0,3,49.060816599644,1,46.0895896845661,32.9450881579589,36.2023790444085,22.2012158981174,-0.682429700424471,8.48006316620612,46.1776869910403,19.7802197802198,41.5367348081062,45.9446600268682,52.0484285190167,25.6390988573939,13.3278486219663,9.33235111662531,41.5384203587736,24.1543789515988,39.5735726532064,4.94720965309201,30.0042611042348,0
"96",22,49,"10082023",0,2,1,0,3,59.0268211504292,2,17.0732434199779,31.7619010590945,60.2281607850374,25.2723371127071,-0.681223851586781,37.7010387943739,59.6300309334556,0,59.7806411845151,57.0905344070505,28.6612193588939,56.7992188886917,34.2494714587737,0,43.6383958866279,25.5294434157578,26.1249246588435,19.0697674418604,13.3760037543018,0
"97",22,58,"10172023",1,1,1,0,3,31.5937999619065,0,76.822427554172,42.2674106909163,30.1198874457819,51.0198444475252,-0.682429700424455,26.2977812642243,44.5297170125564,42.5788497217067,35.4486900747513,49.8046674039788,26.6760266760268,33.4852092914097,28.6894923258559,6.0034918523445,50.7081745403229,36.1986758731887,44.6987935092978,63.8961038961039,72.982062780269,22.002275426393
"98",22,74,"11022023",0,0,0,0,0,1.76729714772668,0,69.3907762226805,11.6682467474656,17.3155954828347,75.2981294774106,-1.94149559026316,45.3036306299019,38.5875653552315,0,31.6492701813981,63.05733832063,29.6971670465647,34.8457234452687,0,0,65.7679244650485,47.709776232719,74.6104627907194,46.1044176706827,56.5265546490897,23.4732422256593
"99",22,80,"11082023",0,0,0,1,1,31.7840787813232,1,37.2947590123902,25.3792379140465,43.3838212795437,47.0418068432954,-1.5822230557569,35.3299231175128,52.4520463275458,0,63.2123535539779,52.0200292507749,33.6336336336337,52.870635330602,17.2248803827751,4.11474092688511,53.5888909700468,38.1486468188199,33.5932649024709,25.5750487329434,35.4850129808823,11.3101256828835
"100",22,100,"11282023",0,0,0,0,0,1.36045766797718,0,93.8078908273976,16.7290944004784,29.6504667590777,87.8006321970511,-1.94149559026315,11.0220617414778,42.9297770592389,0,38.2454050999269,48.2529425954746,38.4384384384386,32.531346541563,8.61244019138755,8.02185731158799,63.4687867476707,61.9689769659713,42.7914353076151,95.906432748538,94.9518789499904,97.0180505825326
"101",22,121,"12192023",0,1,1,0,2,24.0822619039092,0,36.3495378561226,16.0148226307715,31.9635049155671,60.4307873150183,-1.08346173659718,39.3735165654627,43.7774387348756,0,26.3051955539973,61.6093640656635,23.4749034749035,48.4411902165448,8.41558441558441,0,59.6024982788734,54.1687758051768,36.040271547391,24.9904761904761,31.1390134529148,36.9126224527694
"102",22,128,"12262023",0,1,1,0,2,20.1137526224717,0,49.1412814043251,21.1299096031931,35.8688531790997,71.9922200779585,-1.08346173659717,40.5239105910247,46.8409715052589,0,37.6244951313125,68.1021868686259,44.7678447678445,32.4878865227828,0,21.8104385646973,61.6594825354431,62.8477041268837,81.5507455884692,70.0854700854701,27.1789122685984,36.6361234081794
"103",22,135,"01022024",0,1,1,0,2,52.6805983077617,0,40.6760388260341,35.4325251272191,57.7100683841704,28.218026159817,-1.08346173659719,47.7032997762865,61.3133145230077,0,80.2708029090026,59.9296219467145,48.783783783784,40.2292023679702,27.6136363636364,10.2909425169414,41.9204968610433,50.8621992184917,60.2335367692821,34.1666666666667,25.978139013453,3.7715409169165
"104",22,142,"01092024",0,1,1,0,2,41.742591423423,0,39.0111934219066,21.793372330095,38.7776494840254,31.9231910822608,-1.08346173659718,35.9691831142528,49.4499219716565,0,53.1943478296756,52.4185537145661,26.7391652007038,47.1606574785838,17.4287251210328,2.01544870318812,42.2293098693377,49.4096501313098,27.0351957313625,71.163708086785,36.1517234059486,3.6932220919059
"105",23,2,"08222023",1,1,1,0,3,61.0887962486531,0,43.6037153370622,50.5988151465915,55.6892532167764,16.8635689650353,-0.682429700424475,62.1360924683074,58.6265794131259,27.3214285714286,57.6108761393942,68.4205361469304,64.1891891891894,64.3821078049542,18.4090909090909,3.50115711278904,36.1453792973193,36.1716512991905,62.9991933699248,20.5,42.7031950672646,0
"106",23,54,"10132023",1,1,1,1,4,57.0468647293703,1,79.0481439487369,42.7299584526112,68.6716167080269,43.6380255180414,-0.323157165918202,31.3064569447327,64.6795258785153,11.2665684830633,63.1941465875788,66.512122213885,23.2933964892728,33.3817291770725,53.1396438612933,32.3189006398568,49.1556220143784,34.8773012864167,45.1113728622056,28.1786941580756,75.7050067033422,5.84918318975026
"107",24,2,"08222023",1,2,1,2,6,54.0073993819589,1,84.1153174646233,47.5809598546583,35.8258987222587,32.2022624749218,0.43835325359849,14.9571092048536,50.6446336475935,43.4247871333963,61.0828531441706,53.0741092017743,16.3236083765886,24.7937363105598,48.7658037326911,6.03459802774528,44.3421342702496,36.0607715185025,27.3456878127642,14.4812362030904,81.9350815193181,3.68604614224546
"108",25,2,"08222023",2,2,3,2,9,80.7271440385813,1,33.1174909845829,69.7441131363352,52.0217508619195,18.2548653482095,1.75097722708235,83.9456458695834,56.601843149433,67.4603174603173,39.0983819007741,63.5465660784646,38.0380380380382,60.654807583197,45.4545454545453,3.53655938466512,35.5505620158326,20.6415442528017,43.2681517719487,60.7407407407407,32.0074184797653,0
"109",25,18,"09072023",2,3,2,1,8,39.1786501729523,2,97.3241886855485,37.471645243182,34.0827633453607,76.0909647822547,1.33814660893094,52.8246133121647,47.8529792162671,28.2027649769585,44.9890670145269,54.0532042926884,31.8047079337403,45.4493464462861,28.5043988269795,0,62.3459479902438,36.8298478427819,69.6059443757878,35.2688172043011,100,69.4361972276771
"110",25,44,"10032023",2,3,2,1,8,56.2055261972515,2,41.6868002331501,14.8466539340188,31.8031979545159,40.2142857199294,1.33814660893093,49.844939982199,44.7757204423308,0,30.3050774663959,61.2125176006855,2.65039232781169,50.4357527300503,19.0029325513196,2.13018275144918,50.0008141634321,10.6657107799284,14.0878892827969,35.2688172043011,44.7533632286994,6.34313427358976
"111",25,44,"10032023",2,3,2,1,8,56.2055261972515,2,41.6868002331501,14.8466539340188,31.8031979545159,40.2142857199294,1.33814660893093,49.844939982199,44.7757204423308,0,30.3050774663959,61.2125176006855,2.65039232781169,50.4357527300503,19.0029325513196,2.13018275144918,50.0008141634321,10.6657107799284,14.0878892827969,35.2688172043011,44.7533632286994,6.34313427358976
"112",25,65,"10242023",2,2,2,2,8,72.834335793129,2,16.1030220990845,47.9504480411607,47.2014403964289,21.1167797569561,1.29518125842677,31.0051067123531,52.845962587092,41.500904159132,48.9604332701487,47.8744770231253,10.400273691413,100,27.9631760644419,0,40.3012260874565,29.7238099279062,38.552056137442,13.8396624472573,33.3456320599421,0
"113",26,51,"10102023",1,2,0,0,3,18.5061231404756,0,41.8283230809987,14.1912919320635,23.43560312084,69.6332210953801,-0.735987784069612,26.0075533424744,39.8639806828,0,30.1160773812544,54.3614942025121,42.4062772449867,47.942549588168,0,15.4480744348232,62.3019816850386,51.2567183764345,50.1035364883525,70.5376344086021,34.3946188340803,18.9224094439136
"114",27,2,"08222023",1,2,1,1,5,71.844061638378,1,95.0632900182888,71.9061198914985,65.4447600159957,18.5106927610274,0.0790807190922129,55.7042976042119,66.2634882128844,58.6768935762224,80.5899525524556,60.7833977253708,19.2998367495012,28.314849685968,49.4203782794386,9.89110334908568,33.2955931400071,43.0738897734377,57.3845269617119,44.0268456375839,90.4986908237274,0
"115",27,10,"08302023",1,2,1,1,5,59.5925905061775,1,51.1279815104147,60.3537113249897,70.9938829401902,48.0320236697303,0.0790807190922156,26.4356673266649,66.9660370555333,37.6847290640393,77.0579953227453,57.8462947106905,21.2488350419385,37.8694357448164,50.7836990595611,0,50.1854306712776,58.402160008663,50.5097409976923,31.4176245210728,40.66542961703,50.731210301902
"116",27,30,"09192023",0,0,0,0,0,6.76687140036798,1,64.3596091899614,13.0117092752247,26.9462440012777,74.5310007175775,-1.94149559026316,15.8726100432717,39.2815088693536,0,24.3766650927446,37.7298769105509,36.3302077587793,24.0451126703991,0,0,63.6692588754315,49.1866784819008,57.2002334113007,81.8140589569161,48.3237241084775,24.0717744443437
"117",27,37,"09262023",1,2,2,1,6,40.7789427024099,0,68.5725168371649,27.7453581847436,33.4990825660956,57.9251176355225,0.534876687747801,25.0009069472158,44.0732133213043,14.7683397683398,31.7048350630094,46.4388300769986,49.9634769905039,36.6389056138238,9.95085995085995,14.0092417855694,53.973136407198,38.5338333210873,80.0855361799941,88.6486486486486,55.0887771179247,3.11167591231656
"118",28,2,"08222023",2,1,2,2,7,56.6215383688483,2,43.1641216711944,26.3075719883005,45.9271774459503,44.7788270721264,0.892943373416365,46.4813823581887,51.6349417871084,0,45.1315964068728,54.5114971729115,50.4062344553142,41.0441777048008,18.0702732849972,7.51556310130162,48.7948085092286,47.7503555043691,65.2190899992776,60.3680981595092,28.3996808715508,17.2149281416424
"119",29,2,"08222023",1,1,2,2,6,22.9594613398132,0,62.1527675652245,0,4.28096155064922,64.730037386625,0.491911337243662,19.3127176960327,28.7616280233358,0,10.7449095555259,37.8032900614992,7.80020526855973,29.0699485901232,0,38.4899514352272,60.4461982603485,31.5218206016921,49.3763839691374,62.2784810126581,50.2823976840551,0
"120",29,9,"08292023",1,1,1,0,3,20.9198223605364,1,97.2554789355635,15.441751961725,30.3506761150174,72.3742991213769,-0.682429700424453,28.6816191514177,44.2769510869717,0,45.128250230685,45.6083738072646,13.1670131670132,15.1473390295635,9.44055944055945,2.03953667691943,62.7445300545128,58.679480990045,45.4676995625347,49.059829059829,88.9329653903645,26.1615357928743
"121",29,24,"09132023",1,1,1,1,4,31.1879350958434,0,58.2485096309585,32.6532712694312,33.8482965799243,61.819160997096,-0.323157165918188,19.0737223230576,44.4554934436058,27.4932614555255,33.7455043441723,40.3695842832035,20.6697263301038,48.0523132485024,18.52487135506,32.9750118730136,58.6599652359432,36.2336537935517,60.1444867176663,55.0104821802935,53.2010604394051,3.22268133840714
"122",29,40,"09292023",1,1,1,1,4,42.7754475187581,2,88.6889186585006,32.7293842784306,23.145543669794,28.7254517160044,-0.32315716591819,16.6130418881242,43.4557786292976,27.8434940855323,48.6542666810442,46.6555186164764,28.7829230504391,0,46.9021424435436,25.6352278545827,39.1202090499654,48.1777989097628,51.3686425596547,55.7112526539278,67.7801262460369,0
"123",29,46,"10052023",1,2,1,1,5,30.5611515175883,2,41.4665646374251,11.9413535686287,24.3076237118971,61.2456689895294,0.079080719092227,17.9224641239702,39.8993976730773,0,22.9624912634316,50.7773251261508,20.0395517468689,49.9492740682198,26.9401330376939,14.5556248464577,60.2287064909995,39.3250607288789,38.9398435693399,53.3333333333333,37.889642349338,0
"124",29,51,"10102023",1,1,1,1,4,22.0970253070605,0,65.8732941711496,5.68886596714524,12.9476672876952,60.000463222082,-0.323157165918184,30.2501345738823,34.360051314568,0,22.9535916501371,39.5741010602645,10.8824055843924,42.7084741181241,9.75316074653824,6.03710045280342,58.4010806837479,35.5585024310383,29.8445227725145,57.924944812362,67.7575505597953,0
"125",29,65,"10242023",2,2,1,2,7,60.4392408405407,1,66.5074167003795,25.4353813327049,47.1494091955949,37.4153631922091,0.839385289771203,44.6517950356877,55.588877625984,0,67.9003698639375,61.5439936172174,4.6949806949807,39.6081276567335,25.2467532467532,11.4184060721063,46.9751504063988,30.6834940099138,49.9834839269667,24.9904761904761,61.7219730941703,3.48728875222242
"126",29,86,"11142023",2,2,1,1,6,45.4748018147813,0,52.147354146053,22.9056115178876,28.4542833319995,42.8582254100215,0.480112755264942,37.635546825267,43.9024715507875,13.3275261324042,51.5630716622812,28.0220398895365,12.524719841793,42.8801310134925,17.960088691796,8.38840365054126,48.560937235226,19.8765248066935,26.3484820860222,53.3333333333333,50.9433446352398,19.2142310723396
"127",29,115,"12132023",2,2,2,1,7,46.6843538627769,1,45.0411185002842,31.6317220449723,30.8912541431072,50.9697892247352,0.935908723920517,31.9669000024053,43.4609361503233,28.2027649769585,26.405796357162,41.9983708792206,15.9023539668701,67.8881747232259,38.0058651026393,11.9648029285327,52.8978849040374,31.3352932727101,42.8389463557031,63.4838709677419,51.6591928251117,3.13214014123277
"128",30,37,"09262023",2,2,1,0,5,64.5156066468682,1,46.9349350732305,40.3892849001757,64.2241944861567,32.6152467904642,0.12084022075866,26.3709281388117,62.5337331603216,10.6620209059233,65.2162847664232,71.8702706112424,24.0474620962427,63.1450077703766,28.7361419068736,0,42.4697970105562,65.4292933806867,70.5215127462769,32,44.4164934922892,19.2573264687006
"129",30,58,"10172023",2,2,2,1,7,74.6690516890274,1,62.3466010491569,43.528805964665,71.261100678562,33.8390710530769,0.935908723920501,52.758764177801,66.7662579272067,12.0757695343331,65.106245645083,79.6891951418439,6.80901896371512,53.906952684494,40.683073832245,16.1760752688172,44.1382506429219,60.6311174807871,36.3452456166205,30.2025782688765,67.8554616852067,0
"130",30,108,"12062023",0,0,0,0,0,40.4568684463559,1,42.1804755962952,32.9267684487945,66.8799068753277,45.6895634486823,-1.94149559026318,66.4578672632365,62.6716784416179,0,55.9205371927042,72.2463369090836,11.4751623131512,48.5275469734141,16.4550533265617,11.3020613231911,52.2576383513673,42.7642137402092,35.257328169179,24.4320297951583,38.947065160207,13.8070238807059
"131",31,9,"08292023",0,1,1,1,3,48.2662851184705,0,100,53.3063067694486,49.8469138556442,35.9624399692459,-0.724189202090913,45.1205895050827,56.7510021295926,28.7593984962406,49.8073465334294,83.9722003183595,100,16.7118997056437,38.755980861244,93.0855406525274,42.2546274574868,20.9123892930062,51.5886674454411,21.578947368421,91.8220438989849,18.9528005258749
"132",31,24,"09132023",0,1,1,0,2,57.2860351725068,0,63.398129073099,50.8010371855591,54.8104851515102,16.349156896927,-1.08346173659719,74.2455575562465,60.4805411527476,26.6550522648083,68.6866627650307,67.9162917531827,52.6038233355305,40.5237499952505,35.920177383592,12.0535826065184,34.4654708795496,23.9531744753986,65.7544126371299,33.3333333333333,54.2067702067154,0
"133",31,30,"09192023",0,1,0,1,2,61.7152744053742,1,39.8825183590334,51.4941403536361,62.9482630484473,13.5601026014176,-1.1799851707465,53.4155189936346,61.7488199611139,27.6672694394212,55.2518623253592,79.8924980155232,41.6010947656518,55.1591629018018,18.6421173762945,4.13354303484257,33.5325026270978,54.9477030469312,69.251352808548,27.6793248945147,31.0873966433938,2.52484594455747
"134",31,47,"10062023",0,1,1,1,3,51.2195014430507,0,30.3189194549166,27.1807517027588,38.8435400902519,19.680475421487,-0.724189202090919,48.3551033172162,49.3001543015596,8.81336405529952,38.5533593072618,68.6268787674823,29.8169136878815,58.5386629411676,23.7536656891496,2.82557959525363,38.4121657964395,51.2879503812603,53.9796101443827,22.0430107526881,24.4674887892377,0
"135",31,54,"10132023",0,1,1,1,3,65.8655911686824,1,38.5929163902049,47.2560285436711,59.7620419270558,10.516278759651,-0.724189202090926,61.1084171771475,61.5036290258741,22.8870605833955,53.8799436779827,90.2680082444044,30.1117871798501,52.8114750956136,30.842455973346,10.3320241237954,32.3322063079584,69.8319813007424,41.2607718489509,22.8970331588132,35.1900547038242,0
"136",31,65,"10242023",0,1,1,1,3,62.8573045366407,1,71.7927138306652,53.8160581800423,77.4966535258853,33.2903897471003,-0.724189202090922,35.4799716445251,71.6690212913793,13.4920634920635,73.4209579155127,73.7989110220002,53.2532532532532,24.8727254543322,100,0,42.0258362738197,60.3867638333139,70.1928853270876,26.9958847736625,55.1334219121961,31.4872433863854
"137",31,87,"11152023",1,1,1,1,4,55.4402093473913,1,29.5380077261395,41.9913445637769,44.4099391033371,23.8124975632132,-0.323157165918199,25.4381890119077,53.1042885921368,27.8434940855323,63.8280970099307,45.1882987449676,28.7829230504391,68.9203925845147,28.1412854661261,12.9769071794411,38.5338722032483,16.8981211982388,36.7227707982817,55.7112526539278,33.6908400217071,7.92653933652783
"138",31,115,"12132023",1,1,1,1,4,56.8645719988117,1,30.1164080244928,34.6544424741383,45.8059297996112,22.3158998947726,-0.323157165918201,34.3477873043397,55.68887918781,10.457963089542,65.3565393561287,51.6361014593329,33.4152334152335,72.1826873121139,70.4654197477164,7.54154860505665,39.0268449057869,49.519318914757,70.1518349503401,15.6937799043062,27.8026905829597,10.6817853671678
"139",31,122,"12202023",0,0,0,0,0,10.1185192292455,0,40.0402556110498,22.8987026881574,27.5840340568398,68.499188108962,-1.94149559026316,21.9784353176781,41.6710481348942,13.7466307277628,34.7950210921326,40.7851471940719,31.0045894951556,38.3303890474525,9.26243567753001,0,63.1959610680671,23.5685888829615,38.3269118535287,41.2578616352201,29.6387173195702,46.5091412200839
"140",31,138,"01052024",0,0,0,0,0,26.3428758500358,0,39.6891384337927,11.6461390642649,17.5650057403116,26.8724005822954,-1.94149559026317,47.9965864727015,37.9845345597096,0,30.4133880718,53.4844429137556,35.1495880907647,36.2898247432214,0,0,42.4584722182732,51.988091017986,61.7976278710065,23.3868092691622,22.0786072276445,0
"141",32,9,"08292023",2,1,1,1,5,50.4345595761662,2,66.8547668891519,53.9091221097787,48.332918634342,44.6552591317355,0.0778748702545265,40.0932818114026,55.6835087697421,39.7402597402596,57.8865899275207,61.4351208250437,52.2850122850124,40.0096305003612,35.7024793388429,0,46.0193819455345,29.0943166497036,58.4984297397696,86.1414141414141,60.2391629297457,22.0176780730568
"142",32,18,"09072023",2,2,1,2,7,46.2659863286875,1,48.6290213908607,40.7541319704878,39.38041734321,58.1127198133353,0.839385289771214,29.0034205492331,47.459222820139,35.6366459627328,26.3473162260009,55.2020367468554,24.5593419506464,48.1051497930734,32.0158102766799,11.7603172565852,54.8927118549551,44.4704316222421,50.7542552321106,71.304347826087,43.1395008773639,26.339218752436
"143",32,24,"09132023",2,2,1,1,6,68.1454215664454,1,34.7205149328488,43.5326768546871,51.9870697667428,20.2836873542985,0.480112755264928,37.1403987511367,55.3279389682772,24.0188383045524,50.779195042836,62.6726715363834,45.144045144045,40.6273271828653,16.1838161838161,5.08703830248891,38.3146064965741,45.9153487982461,64.5855042047169,24.029304029304,17.3766816143498,6.21451762789583
"144",32,32,"09212023",2,2,2,1,7,62.8986040501411,1,37.6430541388464,27.1920043505092,34.3948274453218,22.186232605789,0.935908723920508,50.2173991484446,47.19736353094,8.81336405529952,41.1213834580128,57.3883284656466,49.6948561464689,46.0726472317565,23.7536656891496,8.11789839347313,37.9686089570414,27.5751999962931,29.6527607514175,52.9032258064516,33.0997757847533,6.57009895148672
"145",33,44,"10032023",1,1,1,1,4,65.0028961213585,0,37.2143425975762,49.2715347265989,56.3270198461691,16.178103415092,-0.323157165918204,84.2547819915008,61.2586721605519,26.3339070567985,57.275341318324,80.1423309297015,32.1719309671118,62.7816140711778,53.2311062431544,5.88220918866079,35.4429667491789,42.6092242781937,35.8320001879151,19.7590361445783,40.4060186936085,14.3718566758258
"146",34,2,"08222023",2,2,2,2,8,57.1844539597251,1,59.5805928119634,41.8525909382515,50.8125737092863,55.5295648433457,1.29518125842679,35.6476729394218,55.2870354174843,28.5714285714286,56.3317525919757,39.7180206897934,2.68503797915564,54.2000006109313,48.1283422459893,1.73315092165899,51.0979220030649,65.3250430347534,55.3919109185732,78.6056644880175,59.6031536680438,38.1110842207165
"147",34,18,"09072023",2,3,2,2,9,87.7491692215498,2,56.6422677190799,74.1460073271284,78.3214569670342,28.3269836093109,1.69741914343718,56.2879998450469,70.9733178435465,56.7717996289423,76.2755509422731,59.35811851882,8.002808002808,68.6167081088409,57.3789846517119,0,41.0240783833304,71.4771973758632,47.1033543853244,28.3982683982683,66.0313901345291,0
"148",34,25,"09142023",2,2,2,2,8,94.1082747675663,2,51.3728721523905,67.2185254262845,100,29.0599783768226,1.29518125842676,87.6777619596413,83.2785541164898,26.4935064935064,95.6555386454048,80.5714082743862,0,68.1148295543059,53.5537190082644,1.59517537319615,40.5208266711832,66.3040111015266,54.6731280067961,46.3838383838384,56.9955156950671,0
"149",34,37,"09262023",2,2,2,2,8,64.9319205776719,1,52.3472352311907,41.135263351689,48.315698622817,37.8210253018101,1.29518125842678,57.831875002758,56.234790621917,25.8664412510566,61.1233162122365,52.0582807773443,2.43083320006398,63.1673167030938,52.2861753630984,3.30053820575229,43.8157137523773,68.1785706974043,55.9106707420249,51.7554240631163,55.1529705203383,21.1683244980812
"150",34,65,"10242023",2,3,2,2,9,94.8215105977342,1,42.8808212640402,50.0731391720682,83.5842015007723,19.3135590944243,1.69741914343718,35.4799716445251,72.8951920235914,13.4920634920635,77.3004351754709,58.0216871235674,5.07173840507173,65.4257518670458,81.8181818181818,8.61766496008018,36.7298144112876,45.8143151423024,38.6693693268277,33.7448559670781,48.5259923600728,0
"151",NA,NA,"",NA,NA,NA,NA,NA,NA,3,NA,NA,NA,NA,NA,NA,NA,NA,NA,NA,NA,NA,NA,NA,NA,NA,NA,NA,NA,NA
"152",1,65,"10242023",NA,NA,NA,NA,NA,NA,1,NA,NA,NA,NA,NA,NA,NA,NA,NA,NA,NA,NA,NA,NA,NA,NA,NA,NA,NA,NA
"153",2,65,"10242023",NA,NA,NA,NA,NA,NA,0,NA,NA,NA,NA,NA,NA,NA,NA,NA,NA,NA,NA,NA,NA,NA,NA,NA,NA,NA,NA
"154",5,19,"09082023",NA,NA,NA,NA,NA,NA,1,NA,NA,NA,NA,NA,NA,NA,NA,NA,NA,NA,NA,NA,NA,NA,NA,NA,NA,NA,NA
"155",6,44,"10032023",NA,NA,NA,NA,NA,NA,0,NA,NA,NA,NA,NA,NA,NA,NA,NA,NA,NA,NA,NA,NA,NA,NA,NA,NA,NA,NA
"156",7,9,"08292023",NA,NA,NA,NA,NA,NA,1,NA,NA,NA,NA,NA,NA,NA,NA,NA,NA,NA,NA,NA,NA,NA,NA,NA,NA,NA,NA
"157",7,30,"09192023",NA,NA,NA,NA,NA,NA,2,NA,NA,NA,NA,NA,NA,NA,NA,NA,NA,NA,NA,NA,NA,NA,NA,NA,NA,NA,NA
"158",7,32,"09212023",NA,NA,NA,NA,NA,NA,1,NA,NA,NA,NA,NA,NA,NA,NA,NA,NA,NA,NA,NA,NA,NA,NA,NA,NA,NA,NA
"159",7,58,"10172023",NA,NA,NA,NA,NA,NA,1,NA,NA,NA,NA,NA,NA,NA,NA,NA,NA,NA,NA,NA,NA,NA,NA,NA,NA,NA,NA
"160",8,2,"08222023",NA,NA,NA,NA,NA,NA,0,NA,NA,NA,NA,NA,NA,NA,NA,NA,NA,NA,NA,NA,NA,NA,NA,NA,NA,NA,NA
"161",8,30,"09192023",NA,NA,NA,NA,NA,NA,2,NA,NA,NA,NA,NA,NA,NA,NA,NA,NA,NA,NA,NA,NA,NA,NA,NA,NA,NA,NA
"162",9,16,"09052023",NA,NA,NA,NA,NA,NA,1,NA,NA,NA,NA,NA,NA,NA,NA,NA,NA,NA,NA,NA,NA,NA,NA,NA,NA,NA,NA
"163",9,44,"10032023",NA,NA,NA,NA,NA,NA,1,NA,NA,NA,NA,NA,NA,NA,NA,NA,NA,NA,NA,NA,NA,NA,NA,NA,NA,NA,NA
"164",9,45,"10042023",NA,NA,NA,NA,NA,NA,1,NA,NA,NA,NA,NA,NA,NA,NA,NA,NA,NA,NA,NA,NA,NA,NA,NA,NA,NA,NA
"165",9,51,"10102023",NA,NA,NA,NA,NA,NA,0,NA,NA,NA,NA,NA,NA,NA,NA,NA,NA,NA,NA,NA,NA,NA,NA,NA,NA,NA,NA
"166",9,52,"10112023",NA,NA,NA,NA,NA,NA,1,NA,NA,NA,NA,NA,NA,NA,NA,NA,NA,NA,NA,NA,NA,NA,NA,NA,NA,NA,NA
"167",9,65,"10242023",NA,NA,NA,NA,NA,NA,1,NA,NA,NA,NA,NA,NA,NA,NA,NA,NA,NA,NA,NA,NA,NA,NA,NA,NA,NA,NA
"168",9,79,"11072023",NA,NA,NA,NA,NA,NA,1,NA,NA,NA,NA,NA,NA,NA,NA,NA,NA,NA,NA,NA,NA,NA,NA,NA,NA,NA,NA
"169",9,106,"12042023",NA,NA,NA,NA,NA,NA,1,NA,NA,NA,NA,NA,NA,NA,NA,NA,NA,NA,NA,NA,NA,NA,NA,NA,NA,NA,NA
"170",9,109,"12072023",NA,NA,NA,NA,NA,NA,0,NA,NA,NA,NA,NA,NA,NA,NA,NA,NA,NA,NA,NA,NA,NA,NA,NA,NA,NA,NA
"171",9,115,"12132023",NA,NA,NA,NA,NA,NA,1,NA,NA,NA,NA,NA,NA,NA,NA,NA,NA,NA,NA,NA,NA,NA,NA,NA,NA,NA,NA
"172",9,117,"12152023",NA,NA,NA,NA,NA,NA,1,NA,NA,NA,NA,NA,NA,NA,NA,NA,NA,NA,NA,NA,NA,NA,NA,NA,NA,NA,NA
"173",9,121,"12192023",NA,NA,NA,NA,NA,NA,0,NA,NA,NA,NA,NA,NA,NA,NA,NA,NA,NA,NA,NA,NA,NA,NA,NA,NA,NA,NA
"174",9,138,"01052024",NA,NA,NA,NA,NA,NA,2,NA,NA,NA,NA,NA,NA,NA,NA,NA,NA,NA,NA,NA,NA,NA,NA,NA,NA,NA,NA
"175",10,145,"01122024",NA,NA,NA,NA,NA,NA,1,NA,NA,NA,NA,NA,NA,NA,NA,NA,NA,NA,NA,NA,NA,NA,NA,NA,NA,NA,NA
"176",11,2,"08222023",NA,NA,NA,NA,NA,NA,1,NA,NA,NA,NA,NA,NA,NA,NA,NA,NA,NA,NA,NA,NA,NA,NA,NA,NA,NA,NA
"177",11,65,"10242023",NA,NA,NA,NA,NA,NA,1,NA,NA,NA,NA,NA,NA,NA,NA,NA,NA,NA,NA,NA,NA,NA,NA,NA,NA,NA,NA
"178",13,60,"10192023",NA,NA,NA,NA,NA,NA,2,NA,NA,NA,NA,NA,NA,NA,NA,NA,NA,NA,NA,NA,NA,NA,NA,NA,NA,NA,NA
"179",14,36,"09252023",NA,NA,NA,NA,NA,NA,1,NA,NA,NA,NA,NA,NA,NA,NA,NA,NA,NA,NA,NA,NA,NA,NA,NA,NA,NA,NA
"180",14,53,"10122023",NA,NA,NA,NA,NA,NA,0,NA,NA,NA,NA,NA,NA,NA,NA,NA,NA,NA,NA,NA,NA,NA,NA,NA,NA,NA,NA
"181",15,65,"10242023",NA,NA,NA,NA,NA,NA,1,NA,NA,NA,NA,NA,NA,NA,NA,NA,NA,NA,NA,NA,NA,NA,NA,NA,NA,NA,NA
"182",15,88,"11162023",NA,NA,NA,NA,NA,NA,0,NA,NA,NA,NA,NA,NA,NA,NA,NA,NA,NA,NA,NA,NA,NA,NA,NA,NA,NA,NA
"183",16,2,"08222023",NA,NA,NA,NA,NA,NA,1,NA,NA,NA,NA,NA,NA,NA,NA,NA,NA,NA,NA,NA,NA,NA,NA,NA,NA,NA,NA
"184",17,10,"08302023",NA,NA,NA,NA,NA,NA,0,NA,NA,NA,NA,NA,NA,NA,NA,NA,NA,NA,NA,NA,NA,NA,NA,NA,NA,NA,NA
"185",17,13,"09022023",NA,NA,NA,NA,NA,NA,0,NA,NA,NA,NA,NA,NA,NA,NA,NA,NA,NA,NA,NA,NA,NA,NA,NA,NA,NA,NA
"186",17,37,"09262023",NA,NA,NA,NA,NA,NA,0,NA,NA,NA,NA,NA,NA,NA,NA,NA,NA,NA,NA,NA,NA,NA,NA,NA,NA,NA,NA
"187",17,65,"10242023",NA,NA,NA,NA,NA,NA,0,NA,NA,NA,NA,NA,NA,NA,NA,NA,NA,NA,NA,NA,NA,NA,NA,NA,NA,NA,NA
"188",18,72,"10312023",NA,NA,NA,NA,NA,NA,1,NA,NA,NA,NA,NA,NA,NA,NA,NA,NA,NA,NA,NA,NA,NA,NA,NA,NA,NA,NA
"189",18,80,"11082023",NA,NA,NA,NA,NA,NA,1,NA,NA,NA,NA,NA,NA,NA,NA,NA,NA,NA,NA,NA,NA,NA,NA,NA,NA,NA,NA
"190",19,80,"11082023",NA,NA,NA,NA,NA,NA,1,NA,NA,NA,NA,NA,NA,NA,NA,NA,NA,NA,NA,NA,NA,NA,NA,NA,NA,NA,NA
"191",20,9,"08292023",NA,NA,NA,NA,NA,NA,1,NA,NA,NA,NA,NA,NA,NA,NA,NA,NA,NA,NA,NA,NA,NA,NA,NA,NA,NA,NA
"192",20,10,"08302023",NA,NA,NA,NA,NA,NA,1,NA,NA,NA,NA,NA,NA,NA,NA,NA,NA,NA,NA,NA,NA,NA,NA,NA,NA,NA,NA
"193",20,30,"09192023",NA,NA,NA,NA,NA,NA,1,NA,NA,NA,NA,NA,NA,NA,NA,NA,NA,NA,NA,NA,NA,NA,NA,NA,NA,NA,NA
"194",20,50,"10092023",NA,NA,NA,NA,NA,NA,0,NA,NA,NA,NA,NA,NA,NA,NA,NA,NA,NA,NA,NA,NA,NA,NA,NA,NA,NA,NA
"195",20,72,"10312023",NA,NA,NA,NA,NA,NA,2,NA,NA,NA,NA,NA,NA,NA,NA,NA,NA,NA,NA,NA,NA,NA,NA,NA,NA,NA,NA
"196",20,88,"11162023",NA,NA,NA,NA,NA,NA,2,NA,NA,NA,NA,NA,NA,NA,NA,NA,NA,NA,NA,NA,NA,NA,NA,NA,NA,NA,NA
"197",23,1,"08212023",NA,NA,NA,NA,NA,NA,0,NA,NA,NA,NA,NA,NA,NA,NA,NA,NA,NA,NA,NA,NA,NA,NA,NA,NA,NA,NA
"198",23,11,"08312023",NA,NA,NA,NA,NA,NA,1,NA,NA,NA,NA,NA,NA,NA,NA,NA,NA,NA,NA,NA,NA,NA,NA,NA,NA,NA,NA
"199",24,11,"08312023",NA,NA,NA,NA,NA,NA,1,NA,NA,NA,NA,NA,NA,NA,NA,NA,NA,NA,NA,NA,NA,NA,NA,NA,NA,NA,NA
"200",24,17,"09062023",NA,NA,NA,NA,NA,NA,1,NA,NA,NA,NA,NA,NA,NA,NA,NA,NA,NA,NA,NA,NA,NA,NA,NA,NA,NA,NA
"201",24,28,"09172023",NA,NA,NA,NA,NA,NA,1,NA,NA,NA,NA,NA,NA,NA,NA,NA,NA,NA,NA,NA,NA,NA,NA,NA,NA,NA,NA
"202",24,48,"10072023",NA,NA,NA,NA,NA,NA,1,NA,NA,NA,NA,NA,NA,NA,NA,NA,NA,NA,NA,NA,NA,NA,NA,NA,NA,NA,NA
"203",24,61,"10202023",NA,NA,NA,NA,NA,NA,1,NA,NA,NA,NA,NA,NA,NA,NA,NA,NA,NA,NA,NA,NA,NA,NA,NA,NA,NA,NA
"204",24,65,"10242023",NA,NA,NA,NA,NA,NA,1,NA,NA,NA,NA,NA,NA,NA,NA,NA,NA,NA,NA,NA,NA,NA,NA,NA,NA,NA,NA
"205",24,87,"11152023",NA,NA,NA,NA,NA,NA,1,NA,NA,NA,NA,NA,NA,NA,NA,NA,NA,NA,NA,NA,NA,NA,NA,NA,NA,NA,NA
"206",26,9,"08292023",NA,NA,NA,NA,NA,NA,1,NA,NA,NA,NA,NA,NA,NA,NA,NA,NA,NA,NA,NA,NA,NA,NA,NA,NA,NA,NA
"207",29,53,"10122023",NA,NA,NA,NA,NA,NA,0,NA,NA,NA,NA,NA,NA,NA,NA,NA,NA,NA,NA,NA,NA,NA,NA,NA,NA,NA,NA
"208",30,2,"08222023",NA,NA,NA,NA,NA,NA,1,NA,NA,NA,NA,NA,NA,NA,NA,NA,NA,NA,NA,NA,NA,NA,NA,NA,NA,NA,NA
"209",30,9,"08292023",NA,NA,NA,NA,NA,NA,1,NA,NA,NA,NA,NA,NA,NA,NA,NA,NA,NA,NA,NA,NA,NA,NA,NA,NA,NA,NA
"210",30,10,"08302023",NA,NA,NA,NA,NA,NA,2,NA,NA,NA,NA,NA,NA,NA,NA,NA,NA,NA,NA,NA,NA,NA,NA,NA,NA,NA,NA
"211",30,65,"10242023",NA,NA,NA,NA,NA,NA,1,NA,NA,NA,NA,NA,NA,NA,NA,NA,NA,NA,NA,NA,NA,NA,NA,NA,NA,NA,NA
"212",31,61,"10202023",NA,NA,NA,NA,NA,NA,1,NA,NA,NA,NA,NA,NA,NA,NA,NA,NA,NA,NA,NA,NA,NA,NA,NA,NA,NA,NA
"213",33,9,"08292023",NA,NA,NA,NA,NA,NA,1,NA,NA,NA,NA,NA,NA,NA,NA,NA,NA,NA,NA,NA,NA,NA,NA,NA,NA,NA,NA
"214",34,123,"12212023",NA,NA,NA,NA,NA,NA,2,NA,NA,NA,NA,NA,NA,NA,NA,NA,NA,NA,NA,NA,NA,NA,NA,NA,NA,NA,NA
